<?xml version="1.0" encoding="UTF-8"?>
<deploy
 date="2024.05.12.17:53:11"
 outputDirectory="C:/vhdl_projects/PLL_example/mypll/">
 <perimeter>
  <parameter
     name="AUTO_GENERATION_ID"
     type="Integer"
     defaultValue="0"
     onHdl="0"
     affectsHdl="1" />
  <parameter
     name="AUTO_UNIQUE_ID"
     type="String"
     defaultValue=""
     onHdl="0"
     affectsHdl="1" />
  <parameter
     name="AUTO_DEVICE_FAMILY"
     type="String"
     defaultValue="Cyclone IV E"
     onHdl="0"
     affectsHdl="1" />
  <parameter
     name="AUTO_DEVICE"
     type="String"
     defaultValue="EP4CE115F29C7"
     onHdl="0"
     affectsHdl="1" />
  <parameter
     name="AUTO_DEVICE_SPEEDGRADE"
     type="String"
     defaultValue="7"
     onHdl="0"
     affectsHdl="1" />
  <interface name="altclkctrl_input" kind="conduit" start="0">
   <property name="associatedClock" value="" />
   <property name="associatedReset" value="" />
   <port name="inclk" direction="input" role="inclk" width="1" />
   <port name="ena" direction="input" role="ena" width="1" />
  </interface>
  <interface name="altclkctrl_output" kind="conduit" start="0">
   <property name="associatedClock" value="" />
   <property name="associatedReset" value="" />
   <port name="outclk" direction="output" role="outclk" width="1" />
  </interface>
 </perimeter>
 <entity
   path=""
   parameterizationKey="mypll:1.0:AUTO_DEVICE=EP4CE115F29C7,AUTO_DEVICE_FAMILY=Cyclone IV E,AUTO_DEVICE_SPEEDGRADE=7,AUTO_GENERATION_ID=1715525590,AUTO_UNIQUE_ID=(altclkctrl:20.1:CLOCK_TYPE=1,DEVICE_FAMILY=Cyclone IV E,ENA_REGISTER_MODE=1,GUI_USE_ENA=true,NUMBER_OF_CLOCKS=1,USE_GLITCH_FREE_SWITCH_OVER_IMPLEMENTATION=false)"
   instancePathKey="mypll"
   kind="mypll"
   version="1.0"
   name="mypll">
  <parameter name="AUTO_GENERATION_ID" value="1715525590" />
  <parameter name="AUTO_DEVICE" value="EP4CE115F29C7" />
  <parameter name="AUTO_DEVICE_FAMILY" value="Cyclone IV E" />
  <parameter name="AUTO_UNIQUE_ID" value="" />
  <parameter name="AUTO_DEVICE_SPEEDGRADE" value="7" />
  <generatedFiles>
   <file
       path="C:/vhdl_projects/PLL_example/mypll/synthesis/mypll.vhd"
       type="VHDL" />
  </generatedFiles>
  <childGeneratedFiles>
   <file
       path="C:/vhdl_projects/PLL_example/mypll/synthesis/submodules/mypll_altclkctrl_0.v"
       type="VERILOG"
       attributes="" />
  </childGeneratedFiles>
  <sourceFiles>
   <file path="C:/vhdl_projects/PLL_example/mypll.qsys" />
  </sourceFiles>
  <childSourceFiles>
   <file
       path="C:/intelfpga_lite/20.1/ip/altera/megafunctions/altclkctrl/altclkctrl_hw.tcl" />
  </childSourceFiles>
  <messages>
   <message level="Debug" culprit="mypll">queue size: 0 starting:mypll "mypll"</message>
   <message level="Progress" culprit="min"></message>
   <message level="Progress" culprit="max"></message>
   <message level="Progress" culprit="current"></message>
   <message level="Debug">Transform: CustomInstructionTransform</message>
   <message level="Debug">No custom instruction connections, skipping transform </message>
   <message level="Debug" culprit="merlin_custom_instruction_transform"><![CDATA[After transform: <b>1</b> modules, <b>0</b> connections]]></message>
   <message level="Debug">Transform: MMTransform</message>
   <message level="Debug">Transform: InterruptMapperTransform</message>
   <message level="Debug">Transform: InterruptSyncTransform</message>
   <message level="Debug">Transform: InterruptFanoutTransform</message>
   <message level="Debug">Transform: AvalonStreamingTransform</message>
   <message level="Debug">Transform: ResetAdaptation</message>
   <message level="Debug" culprit="mypll"><![CDATA["<b>mypll</b>" reuses <b>altclkctrl</b> "<b>submodules/mypll_altclkctrl_0</b>"]]></message>
   <message level="Debug" culprit="mypll">queue size: 0 starting:altclkctrl "submodules/mypll_altclkctrl_0"</message>
   <message level="Info" culprit="altclkctrl_0">Generating top-level entity mypll_altclkctrl_0.</message>
   <message level="Debug" culprit="altclkctrl_0">Current quartus bindir: C:/intelfpga_lite/20.1/quartus/bin64/.</message>
   <message level="Info" culprit="altclkctrl_0"><![CDATA["<b>mypll</b>" instantiated <b>altclkctrl</b> "<b>altclkctrl_0</b>"]]></message>
  </messages>
 </entity>
 <entity
   path="submodules/"
   parameterizationKey="altclkctrl:20.1:CLOCK_TYPE=1,DEVICE_FAMILY=Cyclone IV E,ENA_REGISTER_MODE=1,GUI_USE_ENA=true,NUMBER_OF_CLOCKS=1,USE_GLITCH_FREE_SWITCH_OVER_IMPLEMENTATION=false"
   instancePathKey="mypll:.:altclkctrl_0"
   kind="altclkctrl"
   version="20.1"
   name="mypll_altclkctrl_0">
  <parameter name="NUMBER_OF_CLOCKS" value="1" />
  <parameter name="USE_GLITCH_FREE_SWITCH_OVER_IMPLEMENTATION" value="false" />
  <parameter name="GUI_USE_ENA" value="true" />
  <parameter name="DEVICE_FAMILY" value="Cyclone IV E" />
  <parameter name="ENA_REGISTER_MODE" value="1" />
  <parameter name="CLOCK_TYPE" value="1" />
  <generatedFiles>
   <file
       path="C:/vhdl_projects/PLL_example/mypll/synthesis/submodules/mypll_altclkctrl_0.v"
       type="VERILOG"
       attributes="" />
  </generatedFiles>
  <childGeneratedFiles/>
  <sourceFiles>
   <file
       path="C:/intelfpga_lite/20.1/ip/altera/megafunctions/altclkctrl/altclkctrl_hw.tcl" />
  </sourceFiles>
  <childSourceFiles/>
  <instantiator instantiator="mypll" as="altclkctrl_0" />
  <messages>
   <message level="Debug" culprit="mypll">queue size: 0 starting:altclkctrl "submodules/mypll_altclkctrl_0"</message>
   <message level="Info" culprit="altclkctrl_0">Generating top-level entity mypll_altclkctrl_0.</message>
   <message level="Debug" culprit="altclkctrl_0">Current quartus bindir: C:/intelfpga_lite/20.1/quartus/bin64/.</message>
   <message level="Info" culprit="altclkctrl_0"><![CDATA["<b>mypll</b>" instantiated <b>altclkctrl</b> "<b>altclkctrl_0</b>"]]></message>
  </messages>
 </entity>
</deploy>
